firstName,lastName
Hamed,Abedtash
Mustafa,Ascha
Mark,Beno
Clair,Blacketer
David,Blatt
Brian,Christian
Gino,Cloft
Frank,DeFalco
Sara,Dempster
Jon,Duke
Sergio,Eslava
Clark,Evans
Thomas,Falconer
George,Hripcsak
Vojtech,Huser
Mark,Khayter
Greg,Klebanov
Kristin,Kostka
Bob,Lanese
Wanda,Lattimore
Chun,Li
David,Madigan
Sindhoosha,Malay
Harry,Menegay
Akihiko,Nishimura
Ellen,Palmer
Nirav,Patil
Jose,Posada
Nicole,Pratt
Dani,Prieto-Alhambra
Christian,Reich
Jenna,Reps
Peter,Rijnbeek
Patrick,Ryan
Craig,Sachson
Izzy,Saridakis
Paola,Saroufim
Martijn,Schuemie
Sarah,Seager
Seng Chan,You
Anthony,Sena
Sunah,Song
Matt,Spotnitz
Marc,Suchard
Joel,Swerdel
Devin,Tian
Don,Torok
Kees,van Bochove
Mui,Van Zandt
Kristin,Waite
Mike,Warfe
Jamie,Weaver
James,Wiggins
Andrew,Williams
Erica,Voss
